{
  "experiment_info": {
    "algorithm": "catboost",
    "strategy": "bagging",
    "num_clients": 6,
    "num_rounds": 3,
    "num_local_rounds": 20,
    "samples_per_client": 8000,
    "total_time_seconds": 31.494692087173462,
    "log_directory": "logs/catboost/20251021_181217_bagging"
  },
  "metrics_by_round": {
    "1": {
      "accuracy": 0.688375,
      "precision": 0.6827788240217618,
      "recall": 0.7695754716981132,
      "f1_score": 0.7235835458476549,
      "auc": 0.7626745032115615,
      "specificity": 0.5968085106382979,
      "confusion_matrix": {
        "tn": 2244,
        "fp": 1516,
        "fn": 977,
        "tp": 3263
      }
    },
    "2": {
      "accuracy": 0.6995,
      "precision": 0.6965738758029979,
      "recall": 0.7672169811320755,
      "f1_score": 0.7301907968574636,
      "auc": 0.7731892939582498,
      "specificity": 0.6231382978723404,
      "confusion_matrix": {
        "tn": 2343,
        "fp": 1417,
        "fn": 987,
        "tp": 3253
      }
    },
    "3": {
      "accuracy": 0.706875,
      "precision": 0.7181671655537647,
      "recall": 0.7356132075471699,
      "f1_score": 0.7267855062332518,
      "auc": 0.780192881874749,
      "specificity": 0.674468085106383,
      "confusion_matrix": {
        "tn": 2536,
        "fp": 1224,
        "fn": 1121,
        "tp": 3119
      }
    }
  },
  "detailed_logs": [
    {
      "round": 1,
      "source": "server",
      "metrics": {
        "accuracy": 0.688375,
        "precision": 0.6827788240217618,
        "recall": 0.7695754716981132,
        "f1_score": 0.7235835458476549,
        "auc": 0.7626745032115615,
        "specificity": 0.5968085106382979,
        "confusion_matrix": {
          "tn": 2244,
          "fp": 1516,
          "fn": 977,
          "tp": 3263
        }
      },
      "timestamp": 15.067437648773193
    },
    {
      "round": 2,
      "source": "server",
      "metrics": {
        "accuracy": 0.6995,
        "precision": 0.6965738758029979,
        "recall": 0.7672169811320755,
        "f1_score": 0.7301907968574636,
        "auc": 0.7731892939582498,
        "specificity": 0.6231382978723404,
        "confusion_matrix": {
          "tn": 2343,
          "fp": 1417,
          "fn": 987,
          "tp": 3253
        }
      },
      "timestamp": 20.939820289611816
    },
    {
      "round": 3,
      "source": "server",
      "metrics": {
        "accuracy": 0.706875,
        "precision": 0.7181671655537647,
        "recall": 0.7356132075471699,
        "f1_score": 0.7267855062332518,
        "auc": 0.780192881874749,
        "specificity": 0.674468085106383,
        "confusion_matrix": {
          "tn": 2536,
          "fp": 1224,
          "fn": 1121,
          "tp": 3119
        }
      },
      "timestamp": 28.801365852355957
    }
  ],
  "final_history": null
}