iter	Logloss
0	0.5770245361
1	0.5750512695
2	0.5727532578
3	0.5713131332
4	0.569422226
5	0.5682009888
6	0.5663219452
7	0.5642940903
8	0.5631102371
9	0.5612963104
10	0.559478302
11	0.5583999634
12	0.5565818787
13	0.5554813766
14	0.5540208435
15	0.5529471207
16	0.5509281921
17	0.5492338181
18	0.547792778
19	0.5466119385
