{
  "experiment_info": {
    "algorithm": "catboost",
    "strategy": "bagging",
    "num_clients": 6,
    "num_rounds": 3,
    "num_local_rounds": 20,
    "samples_per_client": 8000,
    "total_time_seconds": 39.937122106552124,
    "log_directory": "logs/catboost/20251022_094005_bagging"
  },
  "metrics_by_round": {
    "1": {
      "accuracy": 0.6945,
      "precision": 0.7065317387304508,
      "recall": 0.7245283018867924,
      "f1_score": 0.7154168607359106,
      "auc": 0.7617434639702931,
      "specificity": 0.6606382978723404,
      "confusion_matrix": {
        "tn": 2484,
        "fp": 1276,
        "fn": 1168,
        "tp": 3072
      }
    },
    "2": {
      "accuracy": 0.702625,
      "precision": 0.7118142499430913,
      "recall": 0.7375,
      "f1_score": 0.7244295146530754,
      "auc": 0.7752416198313931,
      "specificity": 0.6632978723404256,
      "confusion_matrix": {
        "tn": 2494,
        "fp": 1266,
        "fn": 1113,
        "tp": 3127
      }
    },
    "3": {
      "accuracy": 0.703125,
      "precision": 0.6988696950309234,
      "recall": 0.772877358490566,
      "f1_score": 0.7340127673871654,
      "auc": 0.7834031262545162,
      "specificity": 0.624468085106383,
      "confusion_matrix": {
        "tn": 2348,
        "fp": 1412,
        "fn": 963,
        "tp": 3277
      }
    }
  },
  "detailed_logs": [
    {
      "round": 1,
      "source": "server",
      "metrics": {
        "accuracy": 0.6945,
        "precision": 0.7065317387304508,
        "recall": 0.7245283018867924,
        "f1_score": 0.7154168607359106,
        "auc": 0.7617434639702931,
        "specificity": 0.6606382978723404,
        "confusion_matrix": {
          "tn": 2484,
          "fp": 1276,
          "fn": 1168,
          "tp": 3072
        }
      },
      "timestamp": 25.036634922027588
    },
    {
      "round": 2,
      "source": "server",
      "metrics": {
        "accuracy": 0.702625,
        "precision": 0.7118142499430913,
        "recall": 0.7375,
        "f1_score": 0.7244295146530754,
        "auc": 0.7752416198313931,
        "specificity": 0.6632978723404256,
        "confusion_matrix": {
          "tn": 2494,
          "fp": 1266,
          "fn": 1113,
          "tp": 3127
        }
      },
      "timestamp": 34.715996742248535
    },
    {
      "round": 3,
      "source": "server",
      "metrics": {
        "accuracy": 0.703125,
        "precision": 0.6988696950309234,
        "recall": 0.772877358490566,
        "f1_score": 0.7340127673871654,
        "auc": 0.7834031262545162,
        "specificity": 0.624468085106383,
        "confusion_matrix": {
          "tn": 2348,
          "fp": 1412,
          "fn": 963,
          "tp": 3277
        }
      },
      "timestamp": 35.88154411315918
    }
  ],
  "final_history": null
}