{
  "experiment_info": {
    "algorithm": "catboost",
    "strategy": "cyclic",
    "num_clients": 6,
    "num_rounds": 3,
    "num_local_rounds": 20,
    "samples_per_client": 8000,
    "total_time_seconds": 31.889103889465332,
    "log_directory": "logs/catboost/20251021_181145_cyclic"
  },
  "metrics_by_round": {
    "1": {
      "accuracy": 0.6895,
      "precision": 0.6984629294755877,
      "recall": 0.7287735849056604,
      "f1_score": 0.7132963988919667,
      "auc": 0.7634346773384183,
      "specificity": 0.6452127659574468,
      "confusion_matrix": {
        "tn": 2426,
        "fp": 1334,
        "fn": 1150,
        "tp": 3090
      }
    },
    "2": {
      "accuracy": 0.702375,
      "precision": 0.6976398043801829,
      "recall": 0.7738207547169811,
      "f1_score": 0.7337582466733759,
      "auc": 0.7774753487555199,
      "specificity": 0.6218085106382979,
      "confusion_matrix": {
        "tn": 2338,
        "fp": 1422,
        "fn": 959,
        "tp": 3281
      }
    },
    "3": {
      "accuracy": 0.70925,
      "precision": 0.7159296028880866,
      "recall": 0.7483490566037736,
      "f1_score": 0.731780442804428,
      "auc": 0.7817522455841028,
      "specificity": 0.6651595744680852,
      "confusion_matrix": {
        "tn": 2501,
        "fp": 1259,
        "fn": 1067,
        "tp": 3173
      }
    }
  },
  "detailed_logs": [
    {
      "round": 1,
      "source": "server",
      "metrics": {
        "accuracy": 0.6895,
        "precision": 0.6984629294755877,
        "recall": 0.7287735849056604,
        "f1_score": 0.7132963988919667,
        "auc": 0.7634346773384183,
        "specificity": 0.6452127659574468,
        "confusion_matrix": {
          "tn": 2426,
          "fp": 1334,
          "fn": 1150,
          "tp": 3090
        }
      },
      "timestamp": 17.095091581344604
    },
    {
      "round": 2,
      "source": "server",
      "metrics": {
        "accuracy": 0.702375,
        "precision": 0.6976398043801829,
        "recall": 0.7738207547169811,
        "f1_score": 0.7337582466733759,
        "auc": 0.7774753487555199,
        "specificity": 0.6218085106382979,
        "confusion_matrix": {
          "tn": 2338,
          "fp": 1422,
          "fn": 959,
          "tp": 3281
        }
      },
      "timestamp": 27.501263856887817
    },
    {
      "round": 3,
      "source": "server",
      "metrics": {
        "accuracy": 0.70925,
        "precision": 0.7159296028880866,
        "recall": 0.7483490566037736,
        "f1_score": 0.731780442804428,
        "auc": 0.7817522455841028,
        "specificity": 0.6651595744680852,
        "confusion_matrix": {
          "tn": 2501,
          "fp": 1259,
          "fn": 1067,
          "tp": 3173
        }
      },
      "timestamp": 28.58859395980835
    }
  ],
  "final_history": null
}